posterId:ID(Poster-ID),username,age:int,genres:string[],:LABEL
425e1eb3-8805-49ab-bfef-152d91488e9e,wlowe,74,Cars and automobiles;Pets;Finance and investments;Nature,poster
b17c5a97-fce9-4d76-b5b9-d8a3bcccef13,bmccoy,109,Politics;DIY and crafts,poster
4644c19b-254d-4024-a1ef-0fa9dc4c53a1,hollywalker,88,Travel;History;Travel;Cooking,poster
99974735-183f-4a87-83c2-793915cf3ab0,deborah95,108,Gaming,poster
b5f18a49-8ac0-41af-a678-bfabf85025ad,kcampbell,7,Business and entrepreneurship;Cars and automobiles,poster
7c7940de-5c39-40af-8c7d-8d7255fd6f66,athomas,16,Science,poster
84d7a5a1-bec8-45c3-8c4c-0328ef9daf39,garciajill,57,Gardening;Fashion;Books,poster
dcc6f0c7-3d1c-45ee-ab34-a4858df10008,coreywilliams,112,Cooking;Fashion,poster
4420312a-4181-4900-b84e-38a6cd434668,reynoldsjames,98,Education and learning;Politics,poster
96358b49-8b20-42ae-86ed-f56f893283d0,waltershailey,99,Science;Photography;Parenting and family;Art;Social causes and activism,poster
8b48c39d-8b89-4601-95dc-abbe9a0e9be3,luis73,8,Travel;Business and entrepreneurship;Fitness,poster
c69a8a52-d837-4dde-a8c6-61409b8be236,crystalburton,106,Health and wellness;Education and learning,poster
4a0c59e8-ccab-4eeb-81f5-f76d92c6c3d4,wallaceeric,66,History,poster
337249e2-5d30-40a6-b507-37104f92baa9,travisflores,36,Nature;Education and learning;Education and learning,poster
cbe2c899-c106-4625-b476-c9aa67411eff,mark11,63,Cooking,poster
2e5b7022-bbf9-43cf-a20a-deb4f23df78c,gloria15,11,Education and learning;Fitness;Parenting and family,poster
27f10634-2753-4029-9b53-f2f14a23d156,odean,47,Education and learning;Fashion,poster
7e2e02e8-f496-4b6e-9108-28082f954098,carterbeverly,4,Cars and automobiles;Travel;Gardening,poster
26f4efbb-7ae3-4499-9cfb-7e88e4b11d34,tabitha85,86,Parenting and family,poster
51d8e73c-2f5c-4097-9cf8-930ee2d1d7dd,ayerseric,100,Cars and automobiles;Art,poster
9977372d-f152-4a7e-9131-1ca9e0c29868,kellywood,52,Photography;Gaming;Outdoor activities;Finance and investments,poster
35b5f131-a348-4775-8a06-73a3a8311742,mooredominique,9,Gardening;Cars and automobiles;Social causes and activism,poster
d60b2e86-c44a-490b-ac03-09b8a797cc31,schneiderdaniel,94,Gardening;Art;Business and entrepreneurship;Business and entrepreneurship,poster
3ffbbb3f-e5e4-4aa0-a185-729b94f03f1f,qcross,114,Science;Pets;Fashion;Cooking,poster
b3b4ee13-2169-4f11-bb25-056dd52e26a9,vincent40,62,Parenting and family;Gardening;Art,poster
9f665a12-53d2-4caf-9abf-79fbafb73060,melissacarroll,30,Sports;Business and entrepreneurship;Travel;Travel,poster
c66cdddf-846f-4c1d-85ad-86cb7fcc5ee8,jsmith,45,Social causes and activism,poster
4482a733-eeed-4922-8ace-a7c90af95b01,alexisrose,112,Health and wellness;Pets;Cars and automobiles,poster
f257c4ef-6c1b-43dc-a85b-520dbb21d971,millsmark,37,Food and dining,poster
473e3773-20f1-4760-a9f4-df8dccf785be,andrew89,65,Beauty;Finance and investments,poster
8a9d3314-1b5b-4aae-89cc-3d037823caf8,harveychelsea,3,Education and learning,poster
63129314-bb2e-4c92-a06e-2d724dd6adc5,grojas,30,Beauty;Science,poster
cb9be001-8bac-464f-a071-0173139fb821,jaredstephenson,9,Parenting and family;Art;Gardening;Social causes and activism;Pets,poster
dc98041b-866a-458e-9410-9c5974ab1ebf,wnichols,69,Pets;Politics;Gardening,poster
e4546bb9-5ba4-419f-876d-fe859ef2adbf,joyce88,15,Politics;Beauty;Fashion,poster
474cf922-aef2-494d-9c50-8c8125f876aa,susanwilliams,14,Fashion;DIY and crafts;Art;Politics,poster
372d4dfb-9163-457c-8b49-be52b98ecdde,tinamoore,73,Nature;Health and wellness;Movies;Art,poster
9403fe49-dc1f-46c3-b120-9d9290287aa0,lisa93,54,Social causes and activism,poster
18bcc2b2-e679-4e0d-b5ba-22c0fc806193,johnathan82,57,Cars and automobiles;Cooking,poster
800a437a-d55b-402a-9a1b-2319c78ca991,bcummings,90,Books;Finance and investments;Cars and automobiles;Finance and investments,poster
846b373d-3b52-4f28-85d5-7e8b1f0292d0,irichardson,21,Beauty;Art,poster
da079c30-d941-4a62-b679-89943cebdb23,petersoncody,110,Books;Beauty;Books;Cooking;Photography,poster
a3dbb925-2adf-438d-b69f-03bcc5845f88,mendozamark,110,Photography;Parenting and family;DIY and crafts;Health and wellness;Technology,poster
a86c9907-7026-46ef-a534-5431e63f7169,zhunt,81,Books;Photography;Business and entrepreneurship;Technology,poster
fe0b5493-4be5-4f21-ac41-16d8b31437df,angeladixon,73,Food and dining;Food and dining;Finance and investments,poster
0ee00f93-6adc-493e-9b69-ca9443743677,terrance63,70,Photography;Parenting and family;Technology;Business and entrepreneurship;Food and dining,poster
2ee7b3d0-06dd-46c0-8a4f-d64b71413670,mccartyjulie,83,Photography;Politics,poster
6c89564b-f23b-4632-b023-5c1d8968feff,tatejames,109,Education and learning;Outdoor activities;Health and wellness,poster
00d3e152-84c9-4edb-a388-de987513bc3e,ygarrett,56,Photography,poster
32c33e5c-b6c5-4523-99f1-fe9d018fb4ee,lyonsdawn,28,Sports;Parenting and family;Gaming,poster
f9d8d4a3-7e50-48d0-939f-e1ac60fd151c,robertwelch,77,Cooking;Social causes and activism,poster
aa5eee95-faf4-4736-af6c-6458b76ea172,frankjennifer,56,DIY and crafts;Science;Photography,poster
ceb933d0-ef87-4cb0-86dd-74468e2747af,josephstephanie,8,Travel;Art;Politics;DIY and crafts;Parenting and family,poster
5f1b2194-3a9a-4b8c-ab48-57feafef4417,kathryn16,32,DIY and crafts,poster
5814389a-8d5f-4ee3-b1eb-0b31b88fa6ca,dylan58,38,Beauty;Food and dining,poster
2f55956f-1441-4d88-bf05-56c25c29473a,nicholasalexander,45,Outdoor activities;Fitness,poster
ba78b574-4bfe-4b23-ae05-62b75a707f02,cdawson,14,Outdoor activities,poster
63f3e2fb-af1a-4b70-b30e-e6aa0be75848,diana41,64,History;Fashion;Cars and automobiles;Politics;Science,poster
119f2128-dd00-41fd-a9e9-61aa7c79e1fb,thenry,86,Gaming;Social causes and activism,poster
8720ff37-69be-4438-874b-474bd91dc301,ajarvis,16,Fashion,poster
9f159280-87a0-4e4f-9f3f-fe6945889f66,jandrews,13,Outdoor activities;Photography;Food and dining;Social causes and activism;Pets,poster
228ad9d7-bcfb-4a1e-a37e-b95b8cc0e6bc,wwatts,20,Food and dining;Gardening,poster
08641b4c-d368-4b80-a917-7046e3681be1,charlescampbell,71,Fashion;Photography;Education and learning,poster
c91aec7e-74a6-4ef3-8259-b986282c2128,guerrajeremy,30,Finance and investments;Art;Books;Politics;Movies,poster
057d216a-79f6-4527-9e89-abeea1f2fb75,sarah54,21,Outdoor activities;Finance and investments,poster
a62f2c32-4733-42b8-85b0-0f71311c8f97,larry37,18,Cooking;Gaming;Travel;Health and wellness;DIY and crafts,poster
74d93e5e-cd37-4432-a037-51ce8e510064,bennettjoseph,43,Outdoor activities;Finance and investments;Social causes and activism;Technology;Books,poster
bdda8498-6e03-4b6f-8683-8b7edc8a37e0,lisaschmidt,18,Art,poster
395ff609-4c12-442c-8ec1-bc062dc5bb7d,michaelrodriguez,92,Health and wellness;Technology;Fashion;Fashion;DIY and crafts,poster
f11bb12a-f92d-4e9c-aed1-28c2a2988016,jolson,42,Photography,poster
7908f7ed-cef1-4b9f-8bf7-19519bf038ef,omiller,113,Movies;Fitness;Business and entrepreneurship,poster
3a82a5e1-93a8-4270-a974-7e84489ce9a7,jonesdonald,110,Travel,poster
ffe15752-a718-4006-9b7c-ee2f7becc83e,michael77,78,Gardening;Sports,poster
8d35fb13-065e-4f61-9a87-9b0426558549,danny24,19,Fashion;Health and wellness;Parenting and family,poster
1853b0b1-9231-40ff-8014-4dbc99189442,joshua11,5,Sports;Movies;Technology;Music;Art,poster
39fecfbe-833f-4ea9-b5f6-8e9a76c4f99d,cameronchavez,26,Fashion;Fashion;Art;Pets,poster
bff857d5-5eba-4549-94f7-f5eaa3163518,xdelgado,28,Books;Business and entrepreneurship;Health and wellness,poster
9dbb4ece-3b60-47a8-9bd1-5050312d0292,bonnieleblanc,46,Parenting and family,poster
f73c9a6c-6f04-45b3-9690-540e50cb9c7a,ecurtis,95,DIY and crafts;DIY and crafts,poster
70bb9c2a-e0b9-472d-8861-afdf1a820803,whiteangela,93,Finance and investments;Books;Pets;Politics;Gaming,poster
2b8bb428-52dc-4b90-a6f9-386b22f55c68,robertayers,43,Technology;Fitness,poster
df73d7e3-dad1-4ffe-bd7c-9bd02db1904f,moliver,7,Cars and automobiles;Parenting and family;Art;Sports;Books,poster
151b041d-3233-41af-8bd5-90811db7ad6d,michael88,107,Art,poster
4ba465d4-190f-4a7a-a2f3-d55ddd0dc9a9,dennisporter,34,Gardening,poster
cddd62dd-d65c-4a53-8fee-0e02c93258d1,rhonda06,62,Books;Books;Books;Fashion;Travel,poster
220e3a76-355c-4e3b-b74c-06dbc0bcc579,timothystafford,46,Movies;Nature;Outdoor activities,poster
fa58be56-ca2b-422a-a281-c288a17c8953,michaelperez,99,Health and wellness;Movies,poster
79fc1eaa-e123-4574-a4ff-86afc49092b8,susan44,45,Health and wellness;Technology;Health and wellness;Travel,poster
40b3518b-a286-41ad-862e-504d6959f5e7,craig88,36,Sports;Books;Cooking;Photography;Movies,poster
3bd19194-c2e4-4f14-ad3f-1fda595a808d,qgood,92,History,poster
5694201b-1fc2-40e7-b3ff-a86da5d8a6e2,psmith,108,Finance and investments;Business and entrepreneurship;Gardening;Pets;Beauty,poster
3704f056-e37e-4ff0-9312-b2343e85a8a4,dayalfred,5,Cooking,poster
df6daa7c-f837-4216-8507-b2b84e5ddea6,grantronald,31,Travel;Photography;Outdoor activities,poster
bbb3a6ae-4873-4fed-9c50-15354a27e572,amcneil,40,Finance and investments,poster
be73c9fa-abf4-4c51-91ea-0507ee4a44e7,timothybell,99,Fitness;Movies,poster
984bdabc-f1c2-4a06-9d7c-8215a300e909,richardgerald,91,Fitness;Outdoor activities;Business and entrepreneurship;Photography;Education and learning,poster
09f8ea4d-7183-4a78-ba39-2a6792ee3a02,rachelmcfarland,76,Nature;Business and entrepreneurship;Gaming;Fashion;Finance and investments,poster
dbb1560c-0b1b-44c0-acd7-f7242ab09b8a,singletonjoshua,110,Health and wellness,poster
a53e653c-7b3f-4143-9c79-f4d8620fb137,lgill,60,Books,poster
ef3ee4ad-e3cf-4f38-afe9-39b7007f94ba,hodgehannah,76,Gardening;DIY and crafts;Pets,poster
6f4a996e-d1f1-4b0e-a311-5b5f9a61b84c,amber42,48,Outdoor activities,poster
2399b77c-5e5e-4e68-bd84-21a2b3eff5d5,xbailey,29,Movies;Outdoor activities;Fitness;Fitness,poster
5d13931d-5f7a-43bd-8a34-8b84a218b928,sbell,79,Cooking,poster
f48d8d5b-5a4b-4aff-8d52-f5f1e7517ba4,ojordan,73,Fitness,poster
de3e55ea-14b0-45ea-9a76-7128e4b534ff,jameswatkins,67,Travel;Travel,poster
91c0d53d-204c-492d-994f-afa965dc8876,whitakerchase,105,Outdoor activities;DIY and crafts;Cars and automobiles;Sports,poster
a96762c7-51d3-4e92-b01d-dffc61ac82ee,aaron98,25,Food and dining;Business and entrepreneurship;Technology,poster
0bd3e21e-a67c-4c11-bb97-e8edfcce8309,cameron13,4,Sports;Gardening,poster
9825d0b4-7f52-4021-a0f6-a14ea2b2842a,wangtiffany,107,Parenting and family;Food and dining;Health and wellness;History,poster
df9b53d5-92cc-48f4-b8f3-4b56b3108604,kennethjohnson,9,Cooking;Movies;Social causes and activism;Fashion;Sports,poster
83e5ce32-9637-4b15-8565-8e22465209fc,millerbetty,8,Outdoor activities;Technology;History;Cars and automobiles;Technology,poster
62310937-33d1-4e26-9f8e-524eef569772,larryraymond,33,Fitness;Politics;Finance and investments,poster
400822e3-8f23-4168-bb56-5a16b59f53da,danielle37,10,Food and dining;Business and entrepreneurship;Food and dining,poster
f6fe5cbb-87ff-4139-beb3-74bcc3c1d051,lynchjason,73,Education and learning;Cooking;Sports,poster
2e227934-3f26-41d5-9f27-f13aa97fb179,dkaiser,60,Sports;Music;Politics,poster
7efed6be-b005-403a-8824-764d68d6ce97,evansjessica,38,Technology;Fashion,poster
d5fce8f4-ca08-4072-93a1-d6a12cf9b312,beckarthur,40,Business and entrepreneurship;Health and wellness;Health and wellness;Sports;Fashion,poster
fad59230-125b-402b-ab5d-45fd228eaa69,julie40,69,Photography,poster
4ce8082b-440c-4852-a6d3-b1a5ae9115a8,amorris,81,Cooking;Parenting and family;Cars and automobiles;Travel,poster
0be37ec0-af5d-461b-8f18-fced4aeefd55,tina46,26,Food and dining;Art,poster
f9aeda6e-017e-4ed1-bc21-9135b1d514f9,joseph62,3,Gardening;Outdoor activities;Movies;Music,poster
ba007188-81ab-4eaa-8de2-c87670786538,diazricky,108,Movies;Fitness,poster
1666fae6-88b0-4934-8c9c-771bd026d722,dhawkins,39,Cars and automobiles;History;Travel;Fashion,poster
610bb6ba-c857-4877-b7bf-3dda6c62bebc,tyler13,12,Gardening;Photography;Music,poster
f794e099-71b3-4e6f-bfe7-35f927593b1f,yriley,109,Sports,poster
7d7d7f85-fa73-40ad-b77e-afb666909c3d,ubradshaw,15,Health and wellness;Business and entrepreneurship;Art;Beauty,poster
24d7a9a6-35a5-4b21-9a66-4f2cb28c4221,john86,25,DIY and crafts;Social causes and activism;Gaming;Nature,poster
d2e10a95-409b-46df-89bf-2a63f29afc99,oramirez,111,Parenting and family;Technology;Movies,poster
c864441c-a494-4fcc-a6cc-fe87b625f85a,lauramcdonald,81,Parenting and family;Health and wellness;Movies;Science,poster
7a00c072-47f5-441e-b05c-1c93befe1a2f,zachary55,52,Music;Movies,poster
6663c475-a892-4233-ad0a-bd62c587dd6e,ybaker,11,Photography;Politics;Cooking;History;Beauty,poster
ef354d66-ed13-4c26-9b27-e59d55fceb1c,stephaniekent,50,Politics;Beauty;Social causes and activism,poster
de623c51-488f-4de3-b35a-6aa9bef1a45f,terrylouis,102,Movies;Technology;Travel;DIY and crafts,poster
9645a625-b7a4-4fbc-b7f1-677d25754cb3,christopherjacobs,112,Art;DIY and crafts,poster
32b71e1c-15ca-4a24-9005-8162a3bd2154,jaycooper,76,Health and wellness;History,poster
949749d3-77db-430f-b686-6471e4cbb81c,rebecca13,4,Books,poster
77e95c60-3fb8-4214-b636-930f2f589339,lsmith,30,Sports,poster
a2bb6cf9-a136-4b0b-84d5-8bd540a85281,brandon18,48,Nature;Beauty;Books;Cars and automobiles,poster
730b36e7-3030-4f38-9bca-ac4288e5eb7e,amandamartin,79,Finance and investments;Gaming;Art;Sports,poster
f8dad58c-a309-4412-bbc8-0470edf53ba5,alex53,72,Beauty,poster
bfe1b0a8-925e-46fa-a229-27c18ef02a95,fflowers,61,History;Movies;Technology,poster
31631b71-5e1f-4376-a697-e8903ed6e0a9,wernererin,76,History;Science;Outdoor activities;History,poster
acef85ae-24c8-4584-b0de-77ebdebce590,raymondstewart,23,DIY and crafts;Fitness;Movies;Finance and investments,poster
92603b6a-5e73-4ded-adc5-fa2f77743f61,griffinderek,78,Fashion;Parenting and family,poster
530eb49c-6837-4ae8-915d-5283d4108e42,michaelbrown,14,Movies;Books;Photography,poster
dc16a2a0-2893-485a-be03-e79d17d68467,floreserik,52,Photography;Movies;Finance and investments;Cooking,poster
2b49371a-1386-4251-b954-589808e281a5,taylorwagner,104,Social causes and activism;Cooking,poster
1affc4f9-8b18-4c5d-b5df-ea3984e7456f,jessica29,74,Movies;Finance and investments,poster
2281b2d2-dd95-41f3-8748-2b0ffda207e1,cesar96,43,Music,poster
76b54703-5f3c-45e5-aa94-936cd65079ae,lewisreginald,24,Business and entrepreneurship;History;Music;History;Outdoor activities,poster
a5d8ed7f-3686-4162-8a27-6db0a3735973,wendy34,82,Business and entrepreneurship,poster
2dad9300-deff-4852-a99c-fc6487cae1af,schaeferdonna,94,Food and dining;Books;Cars and automobiles;Politics;Art,poster
2a3b6c5c-e213-47de-aa47-b6579b1965ba,wustacey,43,Gardening;Art,poster
587ad70a-bc35-4f63-8265-e71c95c1a4e7,kyle10,106,Music;Fitness;Pets;Photography;Social causes and activism,poster
9de005e4-0426-4f48-a248-722a6d9ca84c,uwilliams,46,Fitness;Beauty;Photography,poster
c0306496-b5d3-4b06-8f82-6a710e4fbd18,cory28,74,Parenting and family;Fitness,poster
95383fc7-5104-4312-bcab-34b468c0f4e2,angelicaedwards,54,Food and dining;Politics;Movies,poster
93419f9f-b7b5-4c11-a01c-99b8bd3f4576,kimcervantes,77,Politics;Education and learning;Pets,poster
67347d0e-722c-4cb1-9adc-b8620791fea1,peter50,108,Photography;Gaming;Sports;Photography;Pets,poster
f681127c-2916-4b18-910f-75037115092d,pkim,71,Parenting and family;Outdoor activities,poster
9649e691-f8ef-436d-99d7-9fdbe2fcb795,jason33,63,Outdoor activities;Nature,poster
f4c8b0c4-d777-4e79-9ce3-4bbd972b77d4,byrdjohn,50,Health and wellness;Beauty;Books;Travel,poster
bace706d-bccf-4e20-84cc-a47de1198cf6,owensvictor,43,Science,poster
8bba7bbb-acea-4d4d-8489-9467eb6c105f,singhrobin,25,Gaming;Fashion,poster
9087dae1-00ae-4ce7-bde5-14626bfbb322,eric45,26,Fashion;DIY and crafts;Education and learning;Music,poster
7d08ea16-9dce-45ef-966b-a6114ec429c5,dharrington,34,Outdoor activities,poster
fce063d7-e8cf-4cbe-95dc-c6cc6379a5ad,marisa61,105,Social causes and activism,poster
6bce0ac9-2179-47e2-abac-9efe6ad0db39,stewartdaniel,19,Outdoor activities;Art;Cooking,poster
502e39b1-6965-4f77-8afa-d89aa845743e,katrina37,3,Outdoor activities;Parenting and family;Photography;History;Outdoor activities,poster
8c46f228-c33a-4bba-9b9b-35d766760bbb,juliegriffith,109,Education and learning;Movies,poster
9b8a2fdf-719b-410d-bd70-cbb075980ae3,nreyes,18,Fitness,poster
68348efe-9cac-45cb-b105-f28e4dacae36,xsanders,6,Food and dining;Cars and automobiles;Gaming;Movies,poster
709bef7f-db86-4859-b527-8ce2b0472bfc,schung,111,History;Gaming;Cooking;Education and learning;Beauty,poster
7fc8f78f-6033-47d7-ad29-ad9382fb7f2d,brian28,56,Health and wellness;Travel;Music;Cars and automobiles,poster
791891da-bff2-4e5d-98a9-57eee82b5c42,molson,33,Music;Travel,poster
6fc2d313-2b43-4018-8ad6-0e28d3fa4b56,mnavarro,43,Fitness;Technology,poster
69b9983f-984d-4828-bc04-5ced9e7ac699,blackgary,102,Food and dining;Music;Politics;Pets;Sports,poster
87b33db2-2c2c-4bf3-90df-a06849313bd9,michaelmitchell,42,Music;Science,poster
ad1a6854-ebf3-414d-888b-baea7f19ac68,alexanderbarron,97,Books;Movies;History;Beauty;Cars and automobiles,poster
26d7bb09-ffd4-4c28-94fe-841238ee859f,dwilliams,60,Outdoor activities;Cooking;Science;Health and wellness;Travel,poster
1c44fe19-14fa-4ce8-9850-5b6b4fe13dcf,johnchavez,26,Fashion;Gaming;Music;History,poster
aeb41e4c-764b-4e66-b9c7-689a80b2cf31,bayers,22,Books;History;Social causes and activism,poster
73cf29f7-879d-4026-b2a5-cdb6ce07ee2d,shannon28,108,Gardening;Photography;Business and entrepreneurship,poster
9606f816-960e-4632-8ec9-69cad8003e09,pbrown,20,Art;Finance and investments;History;Gaming;Food and dining,poster
f6cfb08b-d7da-4e70-a583-611e5b34e333,ycortez,106,Sports,poster
5f5469f5-5273-44f6-b9c2-c4503162a79a,mitchelldavid,75,Gaming;Beauty;Travel,poster
4feb3ee7-9757-4212-a7f3-8df5022d506e,christopherdavis,99,Photography;Outdoor activities;Art;Photography;Nature,poster
21ed05b1-8a95-4929-82b6-9da3d2399b32,meganbuck,84,History;Politics;Health and wellness;Science;Cooking,poster
59ec6502-e5a6-446b-adc9-b0ca28165b41,andersonkristine,37,Music;Social causes and activism;Fashion;Beauty,poster
4fe2b190-0523-4204-bbfd-68bacef90b53,sherryowen,44,Photography;Art;Art;DIY and crafts;Social causes and activism,poster
b92dc7d1-b12c-4c87-bf6f-78857e739010,vbowman,3,Beauty;Art;Gardening,poster
72c753a1-d5b7-434f-99e5-e0a734a21132,edwinowens,40,Social causes and activism,poster
a89f3c89-e3d3-45df-9044-3953599c82c6,julie11,12,Health and wellness;Food and dining,poster
5f078aa1-1989-48ec-a5a3-860e4207f602,cochrantara,59,Education and learning;Health and wellness;Fitness,poster
7c67fc96-95e3-47b0-92d0-6d2b803402a2,logan23,47,Fitness;Social causes and activism,poster
d0ad3c75-1701-42f2-85b9-139939a2095f,kennedymichael,59,Science;Outdoor activities;Fashion;Music,poster
7d66260e-0daa-42ee-b593-a7068ca050ba,bdickson,26,Business and entrepreneurship;Health and wellness;Movies;Music,poster
cffd165e-1c6f-4e04-bc69-d607d9a26a81,phenry,64,Parenting and family;Travel,poster
4a192306-1c5b-4e0c-af55-b017253c9e76,astewart,5,Photography;Books,poster
9b6f925e-d69b-4dea-93ab-0de6aa35c6e7,ntrevino,68,Art;Food and dining;Cars and automobiles,poster
